# Sample CPWD/Delhi DSR seed — replace with official PWD Delhi schedule when provided; not for tender award. Indicative INR rates for building + road SOR-style items. Not an official GNCTD / PWD Delhi / CPWD publication.
code,description,unit,rate,category
2.1,Earth work in surface excavation not exceeding 30 cm in depth but exceeding 1.5 m in width as well as 10 sqm on plan including disposal of excavated earth upto 50 m and lift upto 1.5 m — ordinary soil,sqm,56.8,earthwork
2.6.1,"Earth work in excavation by mechanical means (Hydraulic excavator)/manual means over areas (exceeding 30 cm in depth, 1.5 m in width as well as 10 sqm on plan) including disposal of excavated earth, lead upto 50 m and lift upto 1.5 m — ordinary soil",cum,198.4,earthwork
2.7.1,Earth work in excavation by mechanical means (Hydraulic excavator)/manual means over areas — ordinary rock,cum,412.5,earthwork
2.8.1,"Earth work in excavation by mechanical means (Hydraulic excavator) / manual means in foundation trenches or drains, including dressing of sides and ramming of bottoms, lift up to 1.5 m — ordinary soil",cum,286.5,earthwork
2.8.2,Earth work in excavation in foundation trenches or drains — hard/dense soil,cum,385.2,earthwork
2.8.3,Earth work in excavation in foundation trenches or drains — ordinary rock,cum,612.0,earthwork
2.9.1,Excavation work by mechanical means (Hydraulic excavator)/manual means in foundation trenches or drains — soft/disintegrated rock,cum,485.0,earthwork
2.10.1,"Excavating trenches of required width for pipes, cables, etc including excavation for sockets, and dressing of sides, ramming of bottoms, depth upto 1.5 m including getting out the excavated soil and then returning the soil in layers not exceeding 20 cm in depth including consolidating each deposited layer by ramming, watering etc. and disposing of surplus excavated soil as directed, within a lead of 50 m — pipes, cables etc. exceeding 80 mm dia but not exceeding 300 mm dia",m,268.5,earthwork
2.25,"Filling available excavated earth (excluding rock) in trenches, plinth, sides of foundations etc. in layers not exceeding 20 cm in depth, consolidating each deposited layer by ramming and watering",cum,168.4,earthwork
2.26.1,"Supplying and filling in plinth with Jamuna sand under floors including watering, ramming, consolidating and dressing complete",cum,1452.0,earthwork
2.27,"Supplying and filling in plinth with local sand under floors including watering, ramming, consolidating and dressing complete",cum,985.0,earthwork
2.28,"Surface dressing of the ground including removing vegetation and inequalities not exceeding 15 cm deep and disposal of rubbish, lead upto 50 m",sqm,18.6,earthwork
2.31,"Clearing jungle including uprooting of rank vegetation, grass, brush wood, trees and saplings of girth upto 30 cm measured at a height of 1 m above ground level and removal of rubbish upto a distance of 50 m outside the periphery of the area cleared",sqm,9.85,earthwork
2.33.1,"Felling trees of the girth (measured at a height of 1 m above ground level) including cutting of trunks and branches, removing the roots and stacking of serviceable material and disposal of unserviceable material — beyond 30 cm girth upto and including 60 cm girth",each,285.0,earthwork
2.34.1,Supplying chemical emulsion in sealed containers including delivery as specified — Chlorpyriphos/Lindane emulsifiable concentrate of 20%,litre,245.0,earthwork
2.35.1.1,Diluting and injecting chemical emulsion for PRE-CONSTRUCTIONAL Anti-termite treatment — Under floors etc. — With Chlorpyriphos/Lindane E.C. 20% with 1% concentration,sqm,98.5,earthwork
2.8.4,"Earth work in excavation in foundation trenches — black cotton soil, lift upto 1.5 m",cum,320.0,earthwork
2.8.5,"Earth work in excavation in foundation trenches — moorum, lift upto 1.5 m",cum,245.0,earthwork
2.8.6,"Earth work in excavation in foundation trenches — soft rock requiring blasting, lift upto 1.5 m",cum,890.0,earthwork
2.8.7,"Earth work in excavation in foundation trenches — hard rock requiring blasting, lift upto 1.5 m",cum,1250.0,earthwork
2.8.8,"Earth work in excavation in foundation trenches — hard rock requiring chiselling, lift upto 1.5 m",cum,1850.0,earthwork
2.28.L50,"Carriage of earth by mechanical transport including loading, unloading and stacking — lead upto 50 m",cum,42.5,earthwork
2.28.L100,"Carriage of earth by mechanical transport including loading, unloading and stacking — lead upto 100 m",cum,68.0,earthwork
2.28.L150,"Carriage of earth by mechanical transport including loading, unloading and stacking — lead upto 150 m",cum,92.5,earthwork
2.28.L200,"Carriage of earth by mechanical transport including loading, unloading and stacking — lead upto 200 m",cum,118.0,earthwork
2.28.L250,"Carriage of earth by mechanical transport including loading, unloading and stacking — lead upto 250 m",cum,145.0,earthwork
4.1.1,Providing and laying in position cement concrete of specified grade excluding the cost of centering and shuttering — All work up to plinth level: 1:5:10 (1 cement : 5 coarse sand : 10 graded stone aggregate 40 mm nominal size),cum,4125.0,concrete
4.1.2,Providing and laying in position cement concrete — All work up to plinth level: 1:4:8 (1 cement : 4 coarse sand : 8 graded stone aggregate 40 mm nominal size),cum,4850.0,concrete
4.1.3,Providing and laying in position cement concrete of specified grade excluding the cost of centering and shuttering — All work up to plinth level: 1:2:4 (1 cement : 2 coarse sand : 4 graded stone aggregate 20 mm nominal size),cum,6245.0,concrete
4.1.4,Providing and laying in position cement concrete — All work up to plinth level: 1:1½:3 (1 cement : 1½ coarse sand : 3 graded stone aggregate 20 mm nominal size),cum,7120.0,concrete
4.1.5,Providing and laying in position cement concrete — All work up to plinth level: 1:1:2 (1 cement : 1 coarse sand : 2 graded stone aggregate 20 mm nominal size),cum,8450.0,concrete
4.1.6,Providing and laying in position cement concrete — All work up to plinth level: 1:3:6 (1 cement : 3 coarse sand : 6 graded stone aggregate 20 mm nominal size),cum,5520.0,concrete
4.2.2,"Providing and laying cement concrete in retaining walls, return walls, walls (any thickness) including attached pilasters, columns, piers, abutments, pillars, posts, struts, buttresses, string or lacing courses, parapets, coping, bed blocks, anchor blocks, plain window sills, fillets, kerbing etc. up to floor five level, excluding the cost of centering, shuttering and finishing: 1:2:4 (1 cement : 2 coarse sand : 4 graded stone aggregate 20 mm nominal size)",cum,6850.0,concrete
4.2.3,Providing and laying cement concrete in retaining walls etc. up to floor five level: 1:1½:3,cum,7680.0,concrete
4.3.1,"Centering and shuttering including strutting, propping etc. and removal of form for Foundations, footings, bases of columns etc. for mass concrete",sqm,312.75,concrete
4.3.2,"Centering and shuttering for Walls (any thickness) including attached pilasters, buttresses, plinth and string courses etc.",sqm,485.0,concrete
4.3.3,"Centering and shuttering for Suspended floors, roofs, landings, balconies and access platform",sqm,585.0,concrete
4.5.1,"Providing and laying in position specified grade of reinforced cement concrete, excluding the cost of centering, shuttering, finishing and reinforcement — All work up to plinth level: 1:1.5:3 (1 cement : 1.5 coarse sand : 3 graded stone aggregate 20 mm nominal size)",cum,7890.0,concrete
4.6.1,"Providing and laying in position machine batched and machine mixed design mix M-25 grade cement concrete for reinforced cement concrete work, using cement content as per approved design mix, including pumping of concrete to site of laying but excluding the cost of centering, shuttering, finishing and reinforcement — All works upto plinth level",cum,8125.0,concrete
4.6.2,Design mix M-25 RCC — All works above plinth level upto floor V level,cum,8450.0,concrete
4.6.3,Design mix M-30 RCC — All works upto plinth level,cum,8650.0,concrete
4.6.4,Design mix M-30 RCC — All works above plinth level upto floor V level,cum,8980.0,concrete
4.6.5,Design mix M-35 RCC — All works upto plinth level,cum,9250.0,concrete
4.10,Providing and laying damp-proof course 40 mm thick with cement concrete 1:2:4 (1 cement : 2 coarse sand : 4 graded stone aggregate 12.5 mm nominal size),sqm,312.0,concrete
4.11,Providing and laying damp-proof course 50 mm thick with cement concrete 1:2:4,sqm,368.0,concrete
4.12,Extra for providing and mixing water proofing material in cement concrete work in doses by weight of cement as per manufacturer specification,per50kg,68.5,concrete
4.13,Applying a coat of residual petroleum bitumen of grade of VG-10 of approved quality using 1.7 kg per square metre on damp proof course after cleaning the surface with brushes and finally with a piece of cloth lightly soaked in kerosene oil,sqm,98.5,concrete
4.20.1,Providing and laying in position ready mixed or site batched design mix cement concrete for plain cement concrete work; using cement content as per approved design mix — All works upto plinth level: M-10 grade,cum,4850.0,concrete
4.20.2,PCC design mix M-15 — All works upto plinth level,cum,5420.0,concrete
4.20.3,PCC design mix M-20 — All works upto plinth level,cum,6120.0,concrete
5.1,"Providing and laying in position specified grade of reinforced cement concrete, excluding the cost of centering, shuttering, finishing and reinforcement — All work up to plinth level: 1:1.5:3",cum,7890.0,concrete
5.2,"Reinforced cement concrete work in walls (any thickness), including attached pilasters, buttresses, plinth and string courses, fillets, columns, pillars, piers, abutments, posts and struts etc. up to floor five level, excluding cost of centering, shuttering, finishing and reinforcement: 1:1.5:3",cum,8450.0,concrete
5.3,"Reinforced cement concrete work in beams, suspended floors, roofs having slope up to 15 deg, landings, balconies, shelves, chajjas, lintels, bands, plain window sills, staircases and spiral stair cases up to floor five level, excluding the cost of centering, shuttering, finishing and reinforcement: 1:1.5:3",cum,9120.0,concrete
5.9.1,"Centering and shuttering including strutting, propping etc. and removal of form for Foundations, footings, bases of columns, etc. for mass concrete",sqm,312.75,concrete
5.9.2,"Centering and shuttering for Walls (any thickness) including attached pilasters, buttresses, plinth and string courses etc.",sqm,512.0,concrete
5.9.3,"Centering and shuttering for Suspended floors, roofs, landings, balconies and access platform",sqm,612.0,concrete
5.9.4,"Centering and shuttering for Lintels, beams, plinth beams, girders, bressumers and cantilevers",sqm,485.0,concrete
5.9.5,"Centering and shuttering for Columns, Pillars, Piers, Abutments, Posts and Struts",sqm,625.0,concrete
5.9.6,"Centering and shuttering for Stairs, (excluding landings) except spiral staircases",sqm,545.0,concrete
5.22.1,"Steel reinforcement for R.C.C. work including straightening, cutting, bending, placing in position and binding all complete upto plinth level — Mild steel and medium tensile steel bars",kg,78.5,steel
5.22.6,"Steel reinforcement for R.C.C. work including straightening, cutting, bending, placing in position and binding all complete upto plinth level — Thermo-Mechanically Treated bars of grade Fe-500D or more",kg,89.65,steel
5.22A.6,Steel reinforcement for R.C.C. work above plinth level up to floor V level — Thermo-Mechanically Treated bars of grade Fe-500D or more,kg,92.4,steel
5.29,Providing and fixing sheet covering over expansion joints with iron screws as per design — with aluminium flat 25x2 mm,m,185.0,concrete
5.30,"Providing and filling in position, blown bitumen in expansion joints",cmdepth,8.5,concrete
5.33,Providing and laying in position machine batched and machine mixed design mix M-25 grade cement concrete for reinforced cement concrete work — All works upto plinth level,cum,8250.0,concrete
5.33A,Design mix M-25 RCC — All works above plinth level upto floor V level,cum,8580.0,concrete
5.40,"Providing and laying in position machine batched, machine mixed and machine vibrated design mix cement concrete of M-25 grade for reinforced cement concrete structural elements — Columns, beams, slabs etc.",cum,9125.0,concrete
5.33.M20-P,Design mix M20 RCC — All works upto plinth level,cum,7650.0,concrete
5.33.M20-A,Design mix M20 RCC — All works above plinth level upto floor V level,cum,7980.0,concrete
5.33.M25-P,Design mix M25 RCC — All works upto plinth level,cum,8250.0,concrete
5.33.M25-A,Design mix M25 RCC — All works above plinth level upto floor V level,cum,8580.0,concrete
5.33.M30-P,Design mix M30 RCC — All works upto plinth level,cum,8750.0,concrete
5.33.M30-A,Design mix M30 RCC — All works above plinth level upto floor V level,cum,9080.0,concrete
5.33.M35-P,Design mix M35 RCC — All works upto plinth level,cum,9350.0,concrete
5.33.M35-A,Design mix M35 RCC — All works above plinth level upto floor V level,cum,9680.0,concrete
5.33.M40-P,Design mix M40 RCC — All works upto plinth level,cum,10250.0,concrete
5.33.M40-A,Design mix M40 RCC — All works above plinth level upto floor V level,cum,10580.0,concrete
6.1.1,Brick work with common burnt clay F.P.S. (non modular) bricks of class designation 7.5 in foundation and plinth in: Cement mortar 1:4 (1 cement : 4 coarse sand),cum,5920.0,masonry
6.1.2,Brick work with common burnt clay F.P.S. (non modular) bricks of class designation 7.5 in foundation and plinth in: Cement mortar 1:6 (1 cement : 6 coarse sand),cum,5680.0,masonry
6.4.1,Brick work with common burnt clay F.P.S. (non modular) bricks of class designation 7.5 in superstructure above plinth level up to floor V level in all shapes and sizes in: Cement mortar 1:4 (1 cement : 4 coarse sand),cum,6420.0,masonry
6.4.2,Brick work in superstructure above plinth level up to floor V level: Cement mortar 1:6,cum,6180.0,masonry
6.12.1,Half brick masonry with common burnt clay F.P.S. (non modular) bricks of class designation 7.5 in foundations and plinth in: Cement mortar 1:3 (1 cement : 3 coarse sand),sqm,685.0,masonry
6.12.2,Half brick masonry in foundations and plinth: Cement mortar 1:4,sqm,645.0,masonry
6.13.1,Half brick masonry with common burnt clay F.P.S. bricks of class designation 7.5 in superstructure above plinth level up to floor V level: Cement mortar 1:3,sqm,745.0,masonry
6.13.2,Half brick masonry in superstructure: Cement mortar 1:4,sqm,712.0,masonry
6.15,Extra for providing and placing in position 2 Nos. 6 mm dia. M.S. bars at every third course of half brick masonry,sqm,68.5,masonry
6.20,Brick work with modular bricks of class designation 7.5 in foundation and plinth in: Cement mortar 1:6,cum,5450.0,masonry
6.21,Brick work with modular bricks of class designation 7.5 in superstructure above plinth level up to floor V level in: Cement mortar 1:6,cum,5980.0,masonry
6.38,Providing and laying autoclaved aerated cement blocks masonry with 100 mm thick AAC blocks in superstructure above plinth level up to floor V level in cement mortar 1:4 (1 cement : 4 coarse sand) including racking out joints and curing complete,cum,6850.0,masonry
6.45,"Brick edging 7 cm wide 11.25 cm deep to plinth protection with common burnt clay F.P.S. (non modular) bricks of class designation 7.5 including excavation, refilling and disposal of surplus earth lead upto 50 metres",m,48.5,masonry
7.1.1,Random rubble masonry with hard stone in foundation and plinth including levelling up with cement concrete 1:6:12 — Cement mortar 1:6,cum,4850.0,masonry
7.6.1,Random rubble masonry with hard stone in superstructure above plinth level and upto floor five level — Cement mortar 1:6,cum,5450.0,masonry
6.1.C5.0,Brick work with FPS bricks class 5.0 in foundation and plinth — CM 1:6,cum,5250.0,masonry
6.4.C5.0,Brick work with FPS bricks class 5.0 in superstructure up to floor V — CM 1:6,cum,5780.0,masonry
6.1.C7.5,Brick work with FPS bricks class 7.5 in foundation and plinth — CM 1:6,cum,5680.0,masonry
6.4.C7.5,Brick work with FPS bricks class 7.5 in superstructure up to floor V — CM 1:6,cum,6180.0,masonry
6.1.C10,Brick work with FPS bricks class 10 in foundation and plinth — CM 1:6,cum,6120.0,masonry
6.4.C10,Brick work with FPS bricks class 10 in superstructure up to floor V — CM 1:6,cum,6650.0,masonry
8.2.2.1,"Providing and fixing 18 mm thick gang saw cut, mirror polished, premoulded and prepolished, machine cut for kitchen platforms, vanity counters, window sills, facias and similar locations — Granite of any colour and shade — Area of slab upto 0.50 sqm",sqm,3850.0,misc
8.31,"Providing and fixing Ist quality ceramic glazed wall tiles conforming to IS: 15622 of approved make in all colours, shades except burgundy, bottle green, black of any size as approved by Engineer-in-Charge, in skirting, risers of steps and dados, over 12 mm thick bed of cement mortar 1:3 and jointed with grey cement slurry @ 3.3 kg per sqm, including pointing in white cement mixed with pigment of matching shade complete",sqm,1125.0,finishing
9.1.1,"Providing wood work in frames of doors, windows, clerestory windows and other frames, wrought framed and fixed in position with hold fast lugs or with dash fasteners of required dia and length: Second class teak wood",cum,128500.0,misc
9.1.2,Providing wood work in frames — Sal wood,cum,98500.0,misc
9.1.3,Providing wood work in frames — Kiln seasoned and chemically treated hollock wood,cum,72500.0,misc
9.5.1.1,"Providing and fixing panelled or panelled and glazed shutters for doors, windows and clerestory windows, including ISI marked M.S. pressed butt hinges bright finished of required size with necessary screws, excluding panelling which will be paid for separately: 35 mm thick shutters — Second class teak wood",sqm,3850.0,misc
9.5.1.2,35 mm thick panelled shutters — Kiln seasoned and chemically treated hollock wood,sqm,2450.0,misc
9.7.1,"Providing and fixing panelling or panelling and glazing in panelled or panelled and glazed shutters for doors, windows and clerestory windows (Area of opening for panel inserts excluding portion inside grooves or rebates to be measured). Panelling for panelled or panelled and glazed shutters 25 mm to 40 mm thick: Second class teak wood",sqm,2850.0,misc
9.20.1,"Providing and fixing ISI marked flush door shutters conforming to IS: 2202 (Part I) decorative type, core of block board construction with frame of 1st class hard wood and well matched teak 3 ply veneering with vertical grains or cross bands and face veneers on both faces of shutters: 35 mm thick including ISI marked Stainless Steel butt hinges with necessary screws",sqm,3125.0,misc
9.20.2,ISI marked flush door shutters decorative type — 30 mm thick,sqm,2850.0,misc
9.21.1,"Providing and fixing ISI marked flush door shutters conforming to IS: 2202 (Part I) non-decorative type, core of block board construction with frame of 1st class hard wood and well matched commercial 3 ply veneering with vertical grains or cross bands and face veneers on both faces of shutters: 35 mm thick including ISI marked Stainless Steel butt hinges with necessary screws",sqm,2450.0,misc
9.48.1,"Providing and fixing M.S. grills of required pattern in frames of windows etc. with M.S. flats, square or round bars etc. including priming coat with approved steel primer all complete — Fixed to steel windows by welding",kg,145.0,steel
9.48.2,M.S. grills fixed to openings / wooden frames with rawl plugs screws etc.,kg,158.0,steel
9.68.1,Providing and fixing bright finished brass 100 mm mortice latch and lock with 6 levers and a pair of lever handles of approved quality with necessary screws etc. complete,each,785.0,misc
9.70.1,Providing and fixing IS : 3564 marked aluminium die cast body tubular type universal hydraulic door closer with necessary accessories and screws etc. complete,each,1850.0,misc
9.96.1,"Providing and fixing aluminium sliding door bolts, ISI marked anodised (anodic coating not less than grade AC 10 as per IS : 1868), transparent or dyed to required colour or shade, with nuts and screws etc. complete: 300x16 mm",each,245.0,misc
9.97.1,"Providing and fixing aluminium tower bolts, ISI marked, anodised — 300x10 mm",each,98.5,misc
9.100.1,"Providing and fixing aluminium handles, ISI marked, anodised — 125 mm",each,68.5,misc
10.1,"Structural steel work in single section, fixed with or without connecting plate, including cutting, hoisting, fixing in position and applying a priming coat of approved steel primer all complete",kg,98.5,steel
10.2,"Structural steel work riveted, bolted or welded in built up sections, trusses and framed work, including cutting, hoisting, fixing in position and applying a priming coat of approved steel primer all complete",kg,112.0,steel
10.16.1,"Steel work in built up tubular (round, square or rectangular hollow tubes etc.) trusses etc., including cutting, hoisting, fixing in position and applying a priming coat of approved steel primer, including welding and bolted with special shaped washers etc. complete — Hot finished welded type tubes",kg,128.5,steel
10.25.2,"Steel work welded in built up sections/ framed work, including cutting, hoisting, fixing in position and applying a priming coat of approved steel primer — In gratings, frames, guard bar, ladders, railings, brackets, gates and similar works",kg,112.9,steel
10.26.1,"Providing and fixing hand rail of approved size by welding etc. to steel ladder railing, balcony railing, staircase railing and similar works, including applying priming coat of approved steel primer — M.S. tube",kg,145.0,steel
10.26.2,Hand rail — G.I. pipes,kg,168.0,steel
10.26.3,Hand rail — Stainless steel (Grade 304),kg,485.0,steel
10.28,"Providing and fixing stainless steel (Grade 304) railing made of Hollow tubes, channels, plates etc., including welding, grinding, buffing, polishing and making curvature (wherever required) and fitting the same with necessary stainless steel nuts and bolts complete",kg,520.0,steel
11.3.1,"Cement concrete flooring 1:2:4 (1 cement : 2 coarse sand : 4 graded stone aggregate) finished with a floating coat of neat cement, including cement slurry, but excluding the cost of nosing of steps etc. complete — 40 mm thick",sqm,428.5,finishing
11.3.2,Cement concrete flooring 1:2:4 — 50 mm thick,sqm,485.0,finishing
11.5,"62 mm thick cement concrete flooring with concrete hardener topping, under layer 50 mm thick cement concrete 1:2:4 and top layer 12 mm thick cement hardener consisting of mix 1:2 (1 cement hardener mix : 2 graded stone aggregate, 6 mm nominal size) by volume",sqm,612.0,finishing
11.21.1.1,"Providing and fixing 10 mm thick acid and/or alkali resistant tiles of approved make and colour using acid and/or alkali resisting mortar bedding, and joints filled with acid and/or alkali resisting cement — In flooring on a bed of 10 mm thick mortar 1:4",sqm,1450.0,finishing
11.26.1,"Kota stone slab flooring over 20 mm (average) thick base laid over and jointed with grey cement slurry mixed with pigment to match the shade of the slab, including rubbing and polishing complete with base of cement mortar 1:4 — 25 mm thick",sqm,1285.0,finishing
11.26.2,Kota stone slab flooring — 20 mm thick,sqm,1125.0,finishing
11.37,"Providing and laying Ceramic glazed floor tiles of size 300x300 mm (thickness to be specified by the manufacturer) of 1st quality conforming to IS : 15622 of approved make in colours such as White, Ivory, Grey, Fume Red Brown, laid on 20 mm thick cement mortar 1:4, jointing with grey cement slurry @ 3.3 kg/sqm including pointing the joints with white cement and matching pigment etc., complete",sqm,985.0,finishing
11.39,"Providing and laying Ceramic glazed floor tiles of size 300x300 mm of 1st quality conforming to IS: 15622 of approved make in all colours, shades, except White, Ivory, Grey, Fume Red Brown, laid on 20 mm thick cement mortar 1:4 including pointing the joints with white cement and matching pigments etc., complete",sqm,1085.0,finishing
11.41.2.1,"Providing and laying vitrified floor tiles in different sizes (thickness to be specified by the manufacturer) with water absorption less than 0.08% and conforming to IS: 15622, of approved make, in all colours and shades, laid on 20 mm thick cement mortar 1:4, jointing with grey cement slurry @ 3.3 kg/sqm including grouting the joints with white cement and matching pigments etc., complete — Size of Tile 600x600 mm",sqm,1450.0,finishing
11.41.2.2,Vitrified floor tiles — Size of Tile 800x800 mm,sqm,1685.0,finishing
11.41.2.3,Vitrified floor tiles — Size of Tile 1000x1000 mm,sqm,2125.0,finishing
11.48,"Marble stone flooring with 18 mm thick marble stone, as per sample of marble approved by Engineer-in-charge, over 20 mm (average) thick base of cement mortar 1:4 laid and jointed with grey cement slurry, including rubbing and polishing complete with: Makrana White First quality",sqm,4850.0,finishing
12.1.1,"Providing corrugated G.S. sheet roofing including vertical / curved surface fixed with polymer coated J or L hooks, bolts and nuts 8 mm diameter with bitumen and G.I. limpet washers or with G.I. limpet washers filled with white lead, including a coat of approved steel primer and two coats of approved paint on overlapping of sheets complete (up to any pitch in horizontal/ vertical or curved surfaces) excluding the cost of purlins, rafters and trusses: 0.63 mm thick with zinc coating not less than 275 gm/m2",sqm,785.0,misc
12.1.2,Corrugated G.S. sheet roofing — 0.80 mm thick with zinc coating not less than 275 gm/m2,sqm,925.0,misc
12.20,"Providing and laying pressed clay tiles (as per approved pattern 20 mm nominal thickness of approved size) on roofs, jointed with cement mortar 1:4 mixed with 2% integral water proofing compound, laid over a bed of 20 mm thick cement mortar 1:4 and finished neat complete",sqm,485.0,misc
12.41.1,"Providing and fixing on wall face unplasticised Rigid PVC rain water pipes conforming to IS : 13592 Type A, including jointing with seal ring conforming to IS : 5382, leaving 10 mm gap for thermal expansion — Single socketed pipes — 75 mm diameter",m,185.0,misc
12.41.2,uPVC rain water pipes — 110 mm diameter,m,245.0,misc
12.50,"Providing and fixing precoated galvanised iron profile sheets (size, shape and pitch of corrugation as approved by Engineer-in-charge) 0.50 mm (+ 0.05 %) total coated thickness with zinc coating 120 grams per sqm as per IS: 277, in 240 mpa steel grade, 5-7 microns epoxy primer on both side of the sheet and polyester top coat 15-18 microns",sqm,685.0,misc
13.1.1,12 mm cement plaster of mix: 1:4 (1 cement : 4 fine sand),sqm,198.2,finishing
13.1.2,12 mm cement plaster of mix: 1:6 (1 cement : 6 fine sand),sqm,175.0,finishing
13.2.1,15 mm cement plaster on the rough side of single or half brick wall of mix: 1:4 (1 cement : 4 fine sand),sqm,228.0,finishing
13.2.2,15 mm cement plaster — 1:6,sqm,205.0,finishing
13.3.1,20 mm cement plaster of mix: 1:4 (1 cement : 4 fine sand),sqm,268.0,finishing
13.4.1,12 mm cement plaster finished with a floating coat of neat cement of mix: 1:3 (1 cement : 3 fine sand),sqm,245.0,finishing
13.7.1,12 mm cement plaster mixed with 2% water proofing compound of approved brand and manufacturer of mix: 1:4,sqm,225.0,finishing
13.16.1,6 mm cement plaster of mix: 1:3 (1 cement : 3 fine sand),sqm,145.0,finishing
13.26,Providing and applying plaster of paris putty of 2 mm thickness over plastered surface to prepare the surface even and smooth complete,sqm,156.8,finishing
13.37.1,White washing with lime to give an even shade: New work (three or more coats),sqm,22.5,finishing
13.41.1,Distempering with oil bound washable distemper of approved brand and manufacture to give an even shade: New work (two or more coats) over and including water thinnable priming coat with cement primer,sqm,112.4,finishing
13.42.1,"Distempering with 1st quality acrylic distemper (ready mixed) having VOC content less than 50 grams/litre, of approved manufacturer, of required shade and colour complete, as per manufacturer specification: Two or more coats on new work",sqm,68.5,finishing
13.43.1,Applying one coat of water thinnable cement primer of approved brand and manufacture on wall surface: Water thinnable cement primer,sqm,48.5,finishing
13.44.1,Finishing walls with water proofing cement paint of required shade: New work (Two or more coats applied @ 3.84 kg/10 sqm),sqm,78.5,finishing
13.45.1,Finishing walls with textured exterior paint of required shade: New work (Two or more coats applied @ 3.28 litre/10 sqm) over and including priming coat of exterior primer applied @ 2.20 kg/10 sqm,sqm,145.0,finishing
13.46.1,Finishing walls with Acrylic Smooth exterior paint of required shade: New work (Two or more coat applied @ 1.67 ltr/10 sqm over and including priming coat of exterior primer applied @ 2.20 kg/10 sqm),sqm,118.0,finishing
13.48.1,Finishing with Deluxe Multi surface paint system for interiors and exteriors using Primer as per manufacturers specifications: Two or more coats applied on walls @ 1.25 ltr/10 sqm over and including one coat of Special primer applied @ 0.75 ltr /10 sqm,sqm,128.5,finishing
13.50.1,Applying priming coat: With ready mixed pink or Grey primer of approved brand and manufacture on wood work (hard and soft wood),sqm,42.5,finishing
13.50.3,Applying priming coat: With ready mixed red oxide zinc chromate primer of approved brand and manufacture on steel galvanised iron/ steel works,sqm,38.5,finishing
13.61.1,Painting with synthetic enamel paint of approved brand and manufacture to give an even shade: Two or more coats on new work,sqm,98.5,finishing
13.62.1,Painting with synthetic enamel paint of approved brand and manufacture of required colour to give an even shade: Two or more coats on new work over an under coat of suitable shade with ordinary paint of approved brand and manufacture,sqm,112.0,finishing
13.80,"Providing and applying white cement based putty of average thickness 1 mm, of approved brand and manufacturer, over the plastered wall surface to prepare the surface even and smooth complete",sqm,98.5,finishing
13.82,Wall painting with acrylic emulsion paint of approved brand and manufacture to give an even shade: Two or more coats on new work,sqm,98.5,finishing
13.83,"Wall painting with premium acrylic emulsion paint of interior grade, having VOC content less than 50 grams/litre of approved brand and manufacture, including applying additional coats wherever required to achieve even shade and colour: Two coats",sqm,112.0,finishing
13.99.1,Painting with aluminium paint of approved brand and manufacture to give an even shade: Two or more coats on new work,sqm,78.5,finishing
14.1.1,"Repairs to plaster of thickness 12 mm to 20 mm in patches of area 2.5 sq.metres and under, including cutting the patch in proper shape, raking out joints and preparing and plastering the surface of the walls complete, including disposal of rubbish to the dumping ground: With cement mortar 1:4 (1 cement : 4 fine sand)",sqm,312.0,finishing
14.5.1,"Renewing glass panes, with putty and nails wherever necessary including racking out the old putty: Float glass panes of nominal thickness 4 mm (weight not less than 10 kg/sqm)",sqm,685.0,misc
15.2.1,Demolishing cement concrete manually/ by mechanical means including disposal of material within 50 metres lead as per direction of Engineer-in-charge: Nominal concrete 1:3:6 or richer mix (i/c equivalent design mix),cum,1125.0,misc
15.7.1,Demolishing brick work manually/ by mechanical means including stacking of serviceable material and disposal of unserviceable material within 50 metres lead as per direction of Engineer-in-charge: In cement mortar,cum,785.0,misc
15.25,Dismantling stone slab flooring laid in cement mortar including stacking of serviceable material and disposal of unserviceable material within 50 metres lead,sqm,68.5,misc
15.52,Dismantling of flushing cistern of all types (C.I./PVC/Vitrious China) including stacking of useful materials near the site and disposal of unserviceable materials within 50 metres lead,each,185.0,misc
15.56,Dismantling old plaster or skirting raking out joints and cleaning the surface for plaster including disposal of rubbish to the dumping ground within 50 metres lead,sqm,28.5,misc
16.1,"Preparation and consolidation of sub grade with power road roller of 8 to 12 tonne capacity after excavating earth to an average of 22.5 cm depth, dressing to camber and consolidating with road roller including making good the undulations etc. and re-rolling the sub grade and disposal of surplus earth with lead upto 50 metres",sqm,124.6,road
16.2,Extra for compaction of earth work in embankment under optimum moisture conditions to give at least 95% of the maximum dry density (proctor density),cum,18.5,road
16.3.1,Supplying and stacking at site: 90 mm to 45 mm size stone aggregate,cum,1685.0,road
16.3.2,Supplying and stacking at site: 63 mm to 45 mm size stone aggregate,cum,1725.0,road
16.3.3,Supplying and stacking at site: 53 mm to 22.4 mm size stone aggregate,cum,1785.0,road
16.3.4,Supplying and stacking at site: 22.4 mm to 11.2 mm size stone aggregate,cum,1850.0,road
16.3.5,Supplying and stacking at site: 11.2 mm to 5.6 mm size stone aggregate,cum,1925.0,road
16.3.6,Supplying and stacking at site: Stone screening 13.2 mm nominal size (Type A),cum,1850.0,road
16.3.7,Supplying and stacking at site: Stone screening 11.2 mm nominal size (Type B),cum,1885.0,road
16.3.8,Supplying and stacking at site: Moorum,cum,685.0,road
16.3.9,Supplying and stacking at site: Red bajri,cum,985.0,road
16.3.10,Supplying and stacking at site: Good earth,cum,312.0,road
16.4,"Laying, spreading and compacting stone aggregate of specified sizes to WBM specifications in uniform thickness, hand picking, rolling with 3 wheeled road/vibratory roller 8-10 tonne capacity in stages to proper grade and camber, applying and brooming requisite type of screening / binding material to fill up interstices of coarse aggregate, watering and compacting to the required density",cum,485.0,road
16.5,"Laying, spreading and compacting graded stone aggregate (size range 53 mm to 0.075 mm) to wet mix macadam (WMM) specification including premixing the material with water at OMC in for all leads and lifts, laying in uniform layers with motor grader on prepared surface in sub-base / base course including compacting with vibratory roller of 8 to 10 tonne capacity to achieve the desired density",cum,1685.0,road
16.9,"Providing and laying water bound macadam with stone screening and binding material including laying, spreading and compacting stone aggregate of specified sizes to WBM specifications — By Mechanical Means — Grading-I (90 to 45 mm)",cum,1850.0,road
16.30.1,"Providing and applying tack coat using bituminous emulsion conforming to IS:8887, using emulsion pressure distributor including preparing the surface and cleaning with mechanical broom — On W.B.M. / W.M.M. @ 0.4 kg/sqm",sqm,18.75,road
16.31.1.1,"Providing and applying tack coat using bitumen emulsion conforming to IS:8887, using emulsion pressure distributor including preparing the surface and cleaning with mechanical broom — On W.B.M. / W.M.M. @ 0.4 kg/sqm",sqm,18.75,road
16.31.1.2,Tack coat using bitumen emulsion — On bituminous surface @ 0.25 kg/sqm,sqm,14.5,road
16.31.2.1,Tack coat using bitumen VG-10 — On W.B.M. / W.M.M. @ 0.4 kg/sqm,sqm,22.5,road
16.40.1,"Providing and laying Dense Graded Bituminous Macadam using crushed stone aggregates of specified grading, premixed with bituminous binder and filler, transporting the hot mix to work site, laying with a hydrostatic paver finisher with sensor control to the required grade, level and alignment, rolling with smooth wheeled, vibratory and tandem rollers to achieve the desired compaction — 50 to 75 mm thickness (Grading I)",cum,9850.0,road
16.40.2,Dense Graded Bituminous Macadam — Grading II,cum,10250.0,road
16.43.1,"Providing and laying Bituminous concrete using crushed stone aggregates of specified grading, premixed with bituminous binder and filler, transporting the hot mix to work site, laying with a hydrostatic paver finisher with sensor control to the required grade, level and alignment, rolling with smooth wheeled, vibratory and tandem rollers to achieve the desired compaction — 40/50 mm thickness (Grading I)",cum,10850.0,road
16.57.1,"Providing and laying Bituminous concrete using crushed stone aggregates of specified grading, premixed with bituminous binder and filler, transporting the hot mix to work site, laying with a hydrostatic paver finisher with sensor control to the required grade, level and alignment, rolling with smooth wheeled, vibratory and tandem rollers to achieve the desired compaction — 40/50 mm thickness (Grading II)",cum,11240.0,road
16.62.1,"Providing and applying 2.5 mm thick road marking strips (retro-reflective) of specified shade/colour using hot thermoplastic material by fully/semi automatic thermoplastic paint applicator machine fitted with profile shoe, glass beads dispenser, propane tank heater and profile shoe heater, driven by experienced operator on road surface including cleaning the surface of all dirt, dust and other foreign matter, demarcation at site and traffic control as per IRC:35",sqm,485.0,road
16.68.1,"Providing and laying 60 mm thick factory made cement concrete interlocking paver block of M-30 grade made by block making machine with strong vibratory compaction, of approved size, design and shape, laid in required colour and pattern over and including 50 mm thick compacted bed of coarse sand, filling the joints with fine sand etc. all complete as per the direction of Engineer-in-charge",sqm,785.0,road
16.69,"Providing and laying at or near ground level factory made kerb stone of M-25 grade cement concrete in position to the required line, level and curvature, jointed with cement mortar 1:3 including making joints with or without grooves, including making drainage opening wherever required complete etc. as per direction of Engineer-in-charge",m,312.0,road
16.75,"Providing and laying Dense Graded Bituminous Macadam with 80-100 TPH batch type HMP producing hot mix of Bitumen of 60/70 @ 4% by weight of total mix and crushed stone aggregates of specified grading, transporting the hot mix to work site, laying with a hydrostatic paver finisher with sensor control — 50-75 mm thickness",cum,9250.0,road
16.78,"Construction of granular sub-base by providing close graded Material conforming to specifications, mixing in a mechanical mix plant at OMC, carriage of mixed material to work site, spreading in uniform layers with motor grader on prepared surface and compacting with vibratory power roller to achieve the desired density — With Material conforming to Grading-I (size range 75 mm to 0.075 mm) having CBR Value-30",cum,1450.0,road
16.79,Construction of granular sub-base — With Material conforming to Grading-II (size range 53 mm to 0.075 mm) having CBR Value-25,cum,1385.0,road
16.91,"Providing and laying factory made chamfered edge Cement Concrete paver blocks in footpath, parks, lawns, drive ways or light traffic parking etc, of required strength, thickness and size/shape, made by table vibratory method using PU mould, laid in required colour and pattern over 50 mm thick compacted bed of sand — 60 mm thick cement concrete paver block of M-35 grade with approved colour, design and pattern",sqm,845.0,road
16.40.T30,Dense Graded Bituminous Macadam laid to 30 mm average compacted thickness (Grading I) — measured per sqm,sqm,285.0,road
16.40.T40,Dense Graded Bituminous Macadam laid to 40 mm average compacted thickness (Grading I) — measured per sqm,sqm,385.0,road
16.40.T50,Dense Graded Bituminous Macadam laid to 50 mm average compacted thickness (Grading I) — measured per sqm,sqm,485.0,road
16.40.T75,Dense Graded Bituminous Macadam laid to 75 mm average compacted thickness (Grading I) — measured per sqm,sqm,685.0,road
16.40.T100,Dense Graded Bituminous Macadam laid to 100 mm average compacted thickness (Grading I) — measured per sqm,sqm,885.0,road
16.57.T25,Bituminous concrete laid to 25 mm average compacted thickness (Grading II) — measured per sqm,sqm,312.0,road
16.57.T40,Bituminous concrete laid to 40 mm average compacted thickness (Grading II) — measured per sqm,sqm,485.0,road
16.57.T50,Bituminous concrete laid to 50 mm average compacted thickness (Grading II) — measured per sqm,sqm,585.0,road
17.1.1,"Providing and fixing water closet squatting pan (Indian type W.C. pan) with 100 mm sand cast Iron P or S trap, 10 litre low level white P.V.C. flushing cistern, including flush pipe, with manually controlled device (handle lever) conforming to IS : 7231, with all fittings and fixtures complete: White Vitreous china Orissa pattern W.C. pan of size 580x440 mm with integral type foot rests",each,4850.0,misc
17.2.1,"Providing and fixing white vitreous china pedestal type water closet (European type W.C. pan) with seat and lid, 10 litre low level white P.V.C. flushing cistern, including flush pipe, with manually controlled device (handle lever), conforming to IS : 7231, with all fittings and fixtures complete: W.C. pan with ISI marked white solid plastic seat and lid",each,5250.0,misc
17.7.1,"Providing and fixing wash basin with C.I. brackets, 15 mm C.P. brass pillar taps, 32 mm C.P. brass waste of standard pattern, including painting of fittings and brackets, cutting and making good the walls wherever require: White Vitreous China Wash basin size 630x450 mm with a pair of 15 mm C.P. brass pillar taps",each,2850.0,misc
17.7.2,Wash basin — White Vitreous China Flat back wash basin size 550x400 mm with single 15 mm C.P. brass pillar tap,each,2450.0,misc
17.10.2.1,"Providing and fixing Stainless Steel A ISI 304 (18/8) kitchen sink as per IS:13983 with C.I. brackets and stainless steel plug 40 mm, including painting of fittings and brackets, cutting and making good the walls wherever required: Kitchen sink with drain board — 510x1040 mm bowl depth 250 mm",each,6850.0,misc
17.28.1.1,Providing and fixing P.V.C. waste pipe for sink or wash basin including P.V.C. waste fittings complete: Semi rigid pipe — 32 mm dia,each,98.5,misc
17.28.2.1,P.V.C. waste pipe — Flexible pipe — 32 mm dia,each,78.5,misc
17.31,Providing and fixing 600x450 mm beveled edge mirror of superior glass (of approved quality) complete with 6 mm thick hard board ground fixed to wooden cleats with C.P. brass screws and washers complete,each,685.0,misc
17.69.1,"Providing and fixing PTMT Waste Coupling for wash basin and sink, of approved quality and colour: Semi rigid / Flexible — 32 mm",each,145.0,misc
17.70.1,"Providing and fixing PTMT Bottle Trap for Wash basin and sink: Bottle trap 31 mm single piece moulded with height of 270 mm, effective height of bottle trap 120 mm with 15 mm BSP male threaded connection",each,485.0,misc
17.73.1,Providing and fixing PTMT towel rail complete with brackets fixed to wooden cleats with CP brass screws with concealed fittings arrangement of approved quality and colour: 450 mm long towel rail,each,385.0,misc
18.7.1,"Providing and fixing Chlorinated Polyvinyl Chloride (CPVC) pipes, having thermal stability for hot and cold water supply, including all CPVC plain and brass threaded fittings, including fixing the pipe with clamps at 1.00 m spacing. This includes jointing of pipes and fittings with one step CPVC solvent cement and testing of joints complete: Internal work — Exposed on wall — 15 mm nominal outer dia Pipes",m,185.0,misc
18.7.2,CPVC pipes internal work exposed on wall — 20 mm nominal outer dia,m,225.0,misc
18.7.3,CPVC pipes internal work exposed on wall — 25 mm nominal outer dia,m,285.0,misc
18.7.4,CPVC pipes internal work exposed on wall — 32 mm nominal outer dia,m,385.0,misc
18.7.5,CPVC pipes internal work exposed on wall — 40 mm nominal outer dia,m,485.0,misc
18.7.6,CPVC pipes internal work exposed on wall — 50 mm nominal outer dia,m,685.0,misc
18.8.1,"Providing and fixing CPVC pipes — Internal work — Concealed work, including cutting chases and making good the wall etc. — 15 mm nominal outer dia Pipes",m,245.0,misc
18.8.2,CPVC pipes concealed — 20 mm,m,285.0,misc
18.8.3,CPVC pipes concealed — 25 mm,m,345.0,misc
18.9.1,Providing and fixing CPVC pipes — External work — 15 mm nominal outer dia Pipes,m,168.0,misc
18.9.2,CPVC pipes external — 20 mm,m,198.0,misc
18.9.3,CPVC pipes external — 25 mm,m,245.0,misc
18.9.4,CPVC pipes external — 32 mm,m,345.0,misc
18.9.5,CPVC pipes external — 40 mm,m,425.0,misc
18.9.6,CPVC pipes external — 50 mm,m,585.0,misc
18.9.7,CPVC pipes external — 65 mm,m,785.0,misc
18.9.8,CPVC pipes external — 80 mm,m,985.0,misc
18.9.9,CPVC pipes external — 100 mm,m,1285.0,misc
18.15.1,Providing and fixing brass bib cock of approved quality: 15 mm nominal bore,each,285.0,misc
18.16.1,Providing and fixing brass stop cock of approved quality: 15 mm nominal bore,each,312.0,misc
18.17.1,Providing and fixing gun metal gate valve with C.I. wheel of approved quality (screwed end): 25 mm nominal bore,each,685.0,misc
18.17.2,Gun metal gate valve — 32 mm nominal bore,each,885.0,misc
18.17.3,Gun metal gate valve — 40 mm nominal bore,each,1125.0,misc
18.17.4,Gun metal gate valve — 50 mm nominal bore,each,1450.0,misc
18.48,"Providing and placing on terrace (at all floor levels) polyethylene water storage tank, IS : 12701 marked, with cover and suitable locking arrangement and making necessary holes for inlet, outlet and overflow pipes but without fittings and the base support for tank",litre,8.85,misc
18.49.1,Providing and fixing C.P. brass long body bib cock of approved quality conforming to IS standards and weighing not less than 690 gms: 15 mm nominal bore,each,485.0,misc
18.51.1,Providing and fixing C.P. brass stop cock (concealed) of standard design and of approved make conforming to IS:8931: 15 mm nominal bore,each,485.0,misc
18.53.1,Providing and fixing C.P. brass angle valve for basin mixer and geyser points of approved quality conforming to IS:8931: 15 mm nominal bore,each,485.0,misc
19.1.1,"Providing, laying and jointing glazed stoneware pipes class SP-1 with stiff mixture of cement mortar in the proportion of 1:1 (1 cement : 1 fine sand) including testing of joints etc. complete: 100 mm diameter",m,312.0,misc
19.1.2,Glazed stoneware pipes SP-1 — 150 mm diameter,m,485.0,misc
19.1.3,Glazed stoneware pipes SP-1 — 200 mm diameter,m,685.0,misc
19.1.4,Glazed stoneware pipes SP-1 — 250 mm diameter,m,885.0,misc
19.1.5,Glazed stoneware pipes SP-1 — 300 mm diameter,m,1125.0,misc
19.2.1,Providing and laying cement concrete 1:5:10 (1 cement : 5 coarse sand : 10 graded stone aggregate 40 mm nominal size) up to haunches of S.W. pipes including bed concrete as per standard design: 100 mm diameter S.W. pipe,m,185.0,misc
19.2.2,Cement concrete bed for S.W. pipes — 150 mm diameter,m,245.0,misc
19.2.3,Cement concrete bed for S.W. pipes — 200 mm diameter,m,312.0,misc
19.4.1.1,Providing and fixing square-mouth S.W. gully trap class SP-1 complete with C.I. grating brick masonry chamber with water tight C.I. cover with frame of 300 x 300 mm size (inside): 100x100 mm size P type — With FPS bricks,each,1850.0,misc
19.6.1,Providing and laying non-pressure NP2 class (light duty) R.C.C. pipes with collars jointed with stiff mixture of cement mortar in the proportion of 1:2 including testing of joints etc. complete: 100 mm dia. R.C.C. pipe,m,385.0,misc
19.6.2,NP2 RCC pipes — 150 mm dia,m,485.0,misc
19.6.3,NP2 RCC pipes — 250 mm dia,m,785.0,misc
19.6.4,NP2 RCC pipes — 300 mm dia,m,985.0,misc
19.6.5,NP2 RCC pipes — 450 mm dia,m,1685.0,misc
19.6.6,NP2 RCC pipes — 600 mm dia,m,2450.0,misc
19.7.1,"Constructing brick masonry manhole in cement mortar 1:4 with R.C.C. top slab with 1:2:4 mix, foundation concrete 1:4:8, inside plastering 12 mm thick with cement mortar 1:3 finished with floating coat of neat cement and making channels in cement concrete 1:2:4 finished with a floating coat of neat cement complete as per standard design: Inside size 90x80 cm and 45 cm deep including C.I. cover with frame (light duty) 455x610 mm — With F.P.S. bricks",each,12850.0,misc
19.19.1.1,Providing and fixing in position pre-cast R.C.C. manhole cover and frame of required shape and approved quality: L D- 2.5 — Rectangular shape 600x450 mm internal dimensions,each,2450.0,misc
19.27,Constructing brick masonry road gully chamber 50x45x60 cm with bricks in cement mortar 1:4 including 500x450 mm pre-cast R.C.C. horizontal grating with frame complete as per standard design: With F.P.S. bricks,each,4850.0,misc
21.1.1.1,"Providing and fixing aluminium work for doors, windows, ventilators and partitions with extruded built up standard tubular sections/ appropriate Z sections and other sections of approved make conforming to IS: 733 and IS: 1285, fixing with dash fasteners of required dia and size, including filling up of gaps at junctions, at top, bottom and sides with required EPDM rubber/ neoprene gasket etc. — For fixed portion: Anodised aluminium (anodised transparent or dyed to required shade according to IS: 1868, Minimum anodic coating of grade AC 15)",kg,428.5,misc
21.1.1.2,Aluminium work for fixed portion — Powder coated aluminium (minimum thickness of powder coating 50 micron),kg,485.0,misc
21.1.2.1,"Aluminium work for shutters of doors, windows and ventilators including providing and fixing hinges / pivots and making provision for fixing of fittings wherever required including the cost of EPDM rubber / neoprene gasket required (Fittings shall be paid for separately): Anodised aluminium (Minimum anodic coating of grade AC 15)",kg,485.0,misc
21.1.2.2,Aluminium work for shutters — Powder coated aluminium (minimum thickness of powder coating 50 micron),kg,545.0,misc
21.2.1,"Providing and fixing 12 mm thick prelaminated particle board flat pressed three layer or graded wood particle board conforming to IS: 12823 Grade I Type II, in panelling fixed in aluminum doors, windows shutters and partition frames with C.P. brass / stainless steel screws etc. complete: Pre-laminated particle board with decorative lamination on both sides",sqm,1285.0,misc
21.3.1,"Providing and fixing glazing in aluminium door, window, ventilator shutters and partitions etc. with EPDM rubber / neoprene gasket etc. complete: With float glass panes of 4.0 mm thickness (weight not less than 10 kg/sqm)",sqm,885.0,misc
21.3.2,Glazing in aluminium — With float glass panes of 5.50 mm thickness (weight not less than 13.50 kg/sqm),sqm,985.0,misc
21.3.3,Glazing in aluminium — With float glass panes of 8 mm thickness (weight not less than 20 kg/sqm),sqm,1285.0,misc
21.4,"Providing and fixing double action hydraulic floor spring of approved brand and manufacture conforming to IS : 6315, having double spring mechanism and double cylinder, including cost of cutting of floor, embedding in floors as required and making good the same matching to the existing floor finishing and cover plates with brass pivot",each,4850.0,misc
22.3,"Providing and laying water proofing treatment to vertical and horizontal surfaces of depressed portions of W.C., kitchen and the like consisting of four courses including cement slurry, 20 mm cement plaster 1:3 with water proofing compound, blown or residual bitumen and 400 micron thick PVC sheet",sqm,485.0,finishing
22.5,"Providing and laying water proofing treatment in sunken portion of WCs, bathroom etc., by applying cement slurry mixed with water proofing cement compound in two layers as per CPWD specification",sqm,312.0,finishing
22.6,Providing and laying water proofing treatment on roofs of slabs with four courses water proofing treatment with bitumen felt complete as per CPWD specification,sqm,385.0,finishing
22.7.1,"Providing and laying integral cement based water proofing treatment including preparation of surface as required for treatment of roofs, balconies, terraces etc with average thickness of 120 mm and minimum thickness at khurra as 65 mm",sqm,685.0,finishing
22.14.1,Extra for laying water proofing treatment with brick bat coba on areas of more than 40 sqm in one place,sqm,48.5,finishing
13.X6.1-3,6 mm cement plaster of mix 1:3 — variant seed,sqm,145.0,finishing
13.X6.1-4,6 mm cement plaster of mix 1:4 — variant seed,sqm,132.0,finishing
13.X12.1-3,12 mm cement plaster of mix 1:3 — variant seed,sqm,215.0,finishing
13.X12.1-4,12 mm cement plaster of mix 1:4 — variant seed,sqm,198.0,finishing
13.X12.1-6,12 mm cement plaster of mix 1:6 — variant seed,sqm,175.0,finishing
13.X15.1-4,15 mm cement plaster of mix 1:4 — variant seed,sqm,228.0,finishing
13.X15.1-6,15 mm cement plaster of mix 1:6 — variant seed,sqm,205.0,finishing
13.X20.1-4,20 mm cement plaster of mix 1:4 — variant seed,sqm,268.0,finishing
13.X20.1-6,20 mm cement plaster of mix 1:6 — variant seed,sqm,245.0,finishing
5.22.6.D8,"TMT Fe-500D reinforcement bars 8 mm dia — straightening, cutting, bending, binding complete upto plinth level",kg,89.65,steel
5.22A.6.D8,TMT Fe-500D reinforcement bars 8 mm dia — above plinth level up to floor V,kg,92.4,steel
5.22.6.D10,"TMT Fe-500D reinforcement bars 10 mm dia — straightening, cutting, bending, binding complete upto plinth level",kg,89.95,steel
5.22A.6.D10,TMT Fe-500D reinforcement bars 10 mm dia — above plinth level up to floor V,kg,92.7,steel
5.22.6.D12,"TMT Fe-500D reinforcement bars 12 mm dia — straightening, cutting, bending, binding complete upto plinth level",kg,90.25,steel
5.22A.6.D12,TMT Fe-500D reinforcement bars 12 mm dia — above plinth level up to floor V,kg,93.0,steel
5.22.6.D16,"TMT Fe-500D reinforcement bars 16 mm dia — straightening, cutting, bending, binding complete upto plinth level",kg,90.85,steel
5.22A.6.D16,TMT Fe-500D reinforcement bars 16 mm dia — above plinth level up to floor V,kg,93.6,steel
5.22.6.D20,"TMT Fe-500D reinforcement bars 20 mm dia — straightening, cutting, bending, binding complete upto plinth level",kg,91.45,steel
5.22A.6.D20,TMT Fe-500D reinforcement bars 20 mm dia — above plinth level up to floor V,kg,94.2,steel
5.22.6.D25,"TMT Fe-500D reinforcement bars 25 mm dia — straightening, cutting, bending, binding complete upto plinth level",kg,92.2,steel
5.22A.6.D25,TMT Fe-500D reinforcement bars 25 mm dia — above plinth level up to floor V,kg,94.95,steel
5.22.6.D32,"TMT Fe-500D reinforcement bars 32 mm dia — straightening, cutting, bending, binding complete upto plinth level",kg,93.25,steel
5.22A.6.D32,TMT Fe-500D reinforcement bars 32 mm dia — above plinth level up to floor V,kg,96.0,steel
5.9.C1,"Centering and shuttering including strutting, propping etc. and removal of form for: Circular or curved work in plan",sqm,685.0,concrete
5.9.C2,"Centering and shuttering including strutting, propping etc. and removal of form for: Spiral staircases",sqm,785.0,concrete
5.9.C3,"Centering and shuttering including strutting, propping etc. and removal of form for: Arches, domes, vaults",sqm,925.0,concrete
5.9.C4,"Centering and shuttering including strutting, propping etc. and removal of form for: Cornices and mouldings",sqm,845.0,concrete
5.9.C5,"Centering and shuttering including strutting, propping etc. and removal of form for: Weather shade, chajjas, brackets etc.",sqm,545.0,concrete
2.8.1.D30,Extra for excavation in foundation trenches — ordinary soil for every additional lift of 1.5 m or part thereof upto 3.0 m,cum,85.0,earthwork
2.8.1.D45,Extra for excavation in foundation trenches — ordinary soil for every additional lift of 1.5 m or part thereof upto 4.5 m,cum,145.0,earthwork
2.8.1.D60,Extra for excavation in foundation trenches — ordinary soil for every additional lift of 1.5 m or part thereof upto 6.0 m,cum,225.0,earthwork
11.41.V300x300,"Providing and laying vitrified floor tiles 300x300 mm, water absorption < 0.08%, conforming to IS:15622, on 20 mm thick CM 1:4 including grouting",sqm,985.0,finishing
11.41.V400x400,"Providing and laying vitrified floor tiles 400x400 mm, water absorption < 0.08%, conforming to IS:15622, on 20 mm thick CM 1:4 including grouting",sqm,1085.0,finishing
11.41.V600x600,"Providing and laying vitrified floor tiles 600x600 mm, water absorption < 0.08%, conforming to IS:15622, on 20 mm thick CM 1:4 including grouting",sqm,1450.0,finishing
11.41.V800x800,"Providing and laying vitrified floor tiles 800x800 mm, water absorption < 0.08%, conforming to IS:15622, on 20 mm thick CM 1:4 including grouting",sqm,1685.0,finishing
11.41.V600x1200,"Providing and laying vitrified floor tiles 600x1200 mm, water absorption < 0.08%, conforming to IS:15622, on 20 mm thick CM 1:4 including grouting",sqm,1850.0,finishing
16.3.L1,"Extra for carriage of stone aggregate / screening / moorum by mechanical transport including loading, unloading and stacking — lead beyond first km upto 1 km (per km incremental seed)",cum,48.5,road
16.3.L2,"Extra for carriage of stone aggregate / screening / moorum by mechanical transport including loading, unloading and stacking — lead beyond first km upto 2 km (per km incremental seed)",cum,97.0,road
16.3.L3,"Extra for carriage of stone aggregate / screening / moorum by mechanical transport including loading, unloading and stacking — lead beyond first km upto 3 km (per km incremental seed)",cum,145.5,road
16.3.L4,"Extra for carriage of stone aggregate / screening / moorum by mechanical transport including loading, unloading and stacking — lead beyond first km upto 4 km (per km incremental seed)",cum,194.0,road
16.3.L5,"Extra for carriage of stone aggregate / screening / moorum by mechanical transport including loading, unloading and stacking — lead beyond first km upto 5 km (per km incremental seed)",cum,242.5,road
16.3.L10,"Extra for carriage of stone aggregate / screening / moorum by mechanical transport including loading, unloading and stacking — lead beyond first km upto 10 km (per km incremental seed)",cum,485.0,road
13.61.C1,Painting with synthetic enamel paint of approved brand — 1 coat(s) on new work,sqm,48.5,finishing
13.61.C2,Painting with synthetic enamel paint of approved brand — 2 coat(s) on new work,sqm,98.5,finishing
13.61.C3,Painting with synthetic enamel paint of approved brand — 3 coat(s) on new work,sqm,135.0,finishing
